id,ip
0,10.20.31.183:8080
1,192.168.0.18:50180
2,192.168.0.18:50180
3,192.168.0.18:50180
4,192.168.0.18:50180
5,192.168.0.18:50180
6,192.168.0.18:50180
7,192.168.0.18:50180
8,192.168.0.18:50180
9,10.20.31.183:60366
10,10.20.31.183:60427
11,10.20.31.183:60458
12,10.20.31.183:60459
13,10.20.31.183:60469
14,10.20.31.183:60471
15,10.20.31.183:60472
16,10.20.31.183:60473
17,10.20.31.183:60474
18,10.20.31.183:60475
19,10.20.31.183:60476
20,10.20.31.183:60477
21,10.20.31.183:60478
22,10.20.31.183:60479
23,10.20.31.183:60480
24,10.20.31.183:60498
25,10.20.31.183:60499
26,10.20.31.183:60501
27,10.20.31.183:60502
28,10.20.31.183:60743
29,10.20.31.183:60744
30,10.20.31.183:60844
31,10.20.31.183:60846
32,10.20.31.183:60848
33,10.20.31.183:60850
34,10.20.31.183:60885
35,10.20.31.183:60888
36,10.20.31.183:60891
37,10.20.31.183:60892
38,10.20.31.183:60895
39,10.20.31.183:60896
40,10.20.31.183:60898
41,10.20.31.183:60899
42,10.20.31.183:60901
43,10.20.31.183:60902
44,10.20.31.183:60905
